Gene_set,Term,Overlap,P-value,Adjusted P-value,Old P-value,Old Adjusted P-value,Odds Ratio,Combined Score,Genes,Analysis
Cancer_Cell_Line_Encyclopedia,HCC2218 BREAST,1/245,0.5231900317168192,0.6909111590672657,0,0,1.368157821617116,0.8863070456656157,AAA1,Cancer Cell Line Encyclopedia
Cancer_Cell_Line_Encyclopedia,SNU175 LARGE INTESTINE,1/153,0.3696294009732855,0.6909111590672657,0,0,2.2065120428189116,2.19604080667042,AAA1,Cancer Cell Line Encyclopedia
Cancer_Cell_Line_Encyclopedia,SNU245 BILIARY TRACT,1/164,0.3902830772631667,0.6909111590672657,0,0,2.056462514297598,1.9348905458400123,AAA1,Cancer Cell Line Encyclopedia
Cancer_Cell_Line_Encyclopedia,DV90 LUNG,1/206,0.4631982242551198,0.6909111590672657,0,0,1.631665977676726,1.2557304405247154,AAA1,Cancer Cell Line Encyclopedia
Cancer_Cell_Line_Encyclopedia,COLO205 LARGE INTESTINE,1/232,0.5039644210200586,0.6909111590672657,0,0,1.4461075647516326,0.9909446398715714,AAA1,Cancer Cell Line Encyclopedia
Cancer_Cell_Line_Encyclopedia,HH HAEMATOPOIETIC AND LYMPHOID TISSUE,1/263,0.5486055083889254,0.6909111590672657,0,0,1.272997800491655,0.7642768942897696,AAA1,Cancer Cell Line Encyclopedia
Cancer_Cell_Line_Encyclopedia,EHEB HAEMATOPOIETIC AND LYMPHOID TISSUE,1/367,0.6713894404906309,0.6909111590672657,0,0,0.9064554968972864,0.361137238136542,AAA1,Cancer Cell Line Encyclopedia
Cancer_Cell_Line_Encyclopedia,L1236 HAEMATOPOIETIC AND LYMPHOID TISSUE,1/368,0.6723936962370557,0.6909111590672657,0,0,0.9039394079342354,0.3587837225971145,AAA1,Cancer Cell Line Encyclopedia
Cancer_Cell_Line_Encyclopedia,JVM2 HAEMATOPOIETIC AND LYMPHOID TISSUE,1/374,0.6783561619886053,0.6909111590672657,0,0,0.8891261871222793,0.3450545947467887,AAA1,Cancer Cell Line Encyclopedia
Cancer_Cell_Line_Encyclopedia,C3A LIVER,1/387,0.6909111590672657,0.6909111590672657,0,0,0.8586106964081848,0.3174661809145289,AAA1,Cancer Cell Line Encyclopedia
DisGeNET,Early onset torsion dystonia,1/22,0.0639942814878953,0.8849173872427141,0,0,16.076674737691686,44.19416072773483,AAA1,DisGeNET
DisGeNET,"Spastic Paraplegia, Hereditary",1/126,0.3159725007922475,0.8849173872427141,0,0,2.686779661016949,3.0954390946179076,AAA1,DisGeNET
DisGeNET,Peripheral Arterial Diseases,1/125,0.3139012626235478,0.8849173872427141,0,0,2.7085839256424276,3.138373335904178,AAA1,DisGeNET
DisGeNET,"Aortic Aneurysm, Thoracic",1/99,0.25783077585673,0.8849173872427141,0,0,3.4316845382220684,4.65148304199707,AAA1,DisGeNET
DisGeNET,Dystonia Disorders,1/135,0.3343390869888691,0.8849173872427141,0,0,2.505185934733114,2.7446806341107255,AAA1,DisGeNET
DisGeNET,Aortic Aneurysm,1/96,0.2510780363139976,0.8849173872427141,0,0,3.5405887600356825,4.893063523640772,AAA1,DisGeNET
DisGeNET,Osteitis Deformans,1/79,0.2116557470040838,0.8849173872427141,0,0,4.315949587136028,6.70178130963921,AAA1,DisGeNET
DisGeNET,Moyamoya disease 1,1/46,0.1292174232451343,0.8849173872427141,0,0,7.493408662900189,15.333453732333885,AAA1,DisGeNET
DisGeNET,Henoch-Schoenlein Purpura,1/98,0.2555865420581644,0.8849173872427141,0,0,3.4672374628691247,4.729985272302349,AAA1,DisGeNET
DisGeNET,"Hamartoma Syndrome, Multiple",1/138,0.3403528412471977,0.8849173872427141,0,0,2.44995669924533,2.6404957878529167,AAA1,DisGeNET
ENCODE_TF_ChIP-seq_2015,SMC3 SK-N-SH hg19,1/2000,0.9982180044299293,0.999996435495596,0,0,0.1521184320974046,0.00027131618610583947,AAA1,ENCODE TF ChIP-seq
ENCODE_TF_ChIP-seq_2015,EP300 GM12878 hg19,1/4724,0.999996435495596,0.999996435495596,0,0,0.0546083536390616,1.9465206395344448e-07,AAA1,ENCODE TF ChIP-seq
ENCODE_TF_ChIP-seq_2015,HNF4G HepG2 hg19,1/605,0.8420973947839885,0.999996435495596,0,0,0.5425973734425862,0.0932505679213547,AAA1,ENCODE TF ChIP-seq
ENCODE_TF_ChIP-seq_2015,FOXM1 ECC-1 hg19,1/578,0.8283301238479007,0.999996435495596,0,0,0.5687806597538407,0.1071261423274412,AAA1,ENCODE TF ChIP-seq
ENCODE_TF_ChIP-seq_2015,CEBPB ECC-1 hg19,1/1273,0.980781432955002,0.999996435495596,0,0,0.248747468286963,0.0048271049374091,AAA1,ENCODE TF ChIP-seq
ENCODE_TF_ChIP-seq_2015,CEBPB HepG2 hg19,1/3621,0.9999906506701224,0.999996435495596,0,0,0.0764116490308081,7.144010528639969e-07,AAA1,ENCODE TF ChIP-seq
ENCODE_TF_ChIP-seq_2015,RAD21 SK-N-SH hg19,1/3228,0.9999714238474972,0.999996435495596,0,0,0.0877815886088249,2.508495904779344e-06,AAA1,ENCODE TF ChIP-seq
ENCODE_TF_ChIP-seq_2015,CTCF HCT116 hg19,1/3149,0.9999631386845684,0.999996435495596,0,0,0.090409837830853,3.3326869743903304e-06,AAA1,ENCODE TF ChIP-seq
ENCODE_TF_ChIP-seq_2015,ESR1 ECC-1 hg19,1/637,0.8570132364372224,0.999996435495596,0,0,0.5144440891162989,0.0793797083268117,AAA1,ENCODE TF ChIP-seq
ENCODE_TF_ChIP-seq_2015,EBF1 GM12878 hg19,1/2924,0.9999220334801544,0.999996435495596,0,0,0.0986738723275947,7.693558348953494e-06,AAA1,ENCODE TF ChIP-seq
ENCODE_TF_ChIP-seq_2015,CEBPB A549 hg19,1/2860,0.9999031588766704,0.999996435495596,0,0,0.1012621457069853,9.806814800168075e-06,AAA1,ENCODE TF ChIP-seq
ENCODE_TF_ChIP-seq_2015,RAD21 GM12878 hg19,1/2690,0.9998272299384188,0.999996435495596,0,0,0.1087355264070191,1.8787866630595552e-05,AAA1,ENCODE TF ChIP-seq
ENCODE_TF_ChIP-seq_2015,RAD21 MCF-7 hg19,1/2508,0.9996786895495342,0.999996435495596,0,0,0.1178598230040632,3.787567807275675e-05,AAA1,ENCODE TF ChIP-seq
ENCODE_TF_ChIP-seq_2015,FOXA1 HepG2 hg19,1/2272,0.9992846450431244,0.999996435495596,0,0,0.1318690340251811,9.436692409741252e-05,AAA1,ENCODE TF ChIP-seq
ENCODE_TF_ChIP-seq_2015,CUX1 GM12878 hg19,1/2000,0.9982180044299293,0.999996435495596,0,0,0.1521184320974046,0.00027131618610583947,AAA1,ENCODE TF ChIP-seq
ENCODE_TF_ChIP-seq_2015,MXI1 GM12878 hg19,1/2000,0.9982180044299293,0.999996435495596,0,0,0.1521184320974046,0.00027131618610583947,AAA1,ENCODE TF ChIP-seq
ENCODE_TF_ChIP-seq_2015,EP300 HepG2 hg19,1/3119,0.9999593376770898,0.999996435495596,0,0,0.0914427979691458,3.718352177766527e-06,AAA1,ENCODE TF ChIP-seq
ENCODE_TF_ChIP-seq_2015,MAX GM12878 hg19,1/2000,0.9982180044299293,0.999996435495596,0,0,0.1521184320974046,0.00027131618610583947,AAA1,ENCODE TF ChIP-seq
ENCODE_TF_ChIP-seq_2015,CTCF MCF-7 hg19,1/5540,0.9999963912072292,0.999996435495596,0,0,0.0440665726237067,1.5902741566378214e-07,AAA1,ENCODE TF ChIP-seq
ENCODE_TF_ChIP-seq_2015,MYBL2 HepG2 hg19,1/1595,0.9932210685190735,0.999996435495596,0,0,0.1950747506539353,0.0013269009523155,AAA1,ENCODE TF ChIP-seq
ENCODE_TF_ChIP-seq_2015,RAD21 HCT116 hg19,1/1973,0.998050291430172,0.999996435495596,0,0,0.1544332519682332,0.0003013937453817763,AAA1,ENCODE TF ChIP-seq
ENCODE_TF_ChIP-seq_2015,EZH2 myotube hg19,1/2000,0.9982180044299293,0.999996435495596,0,0,0.1521184320974046,0.00027131618610583947,AAA1,ENCODE TF ChIP-seq
ENCODE_TF_ChIP-seq_2015,MBD4 HepG2 hg19,1/1809,0.996641956347927,0.999996435495596,0,0,0.1699790010499475,0.0005717574368644075,AAA1,ENCODE TF ChIP-seq
ENCODE_TF_ChIP-seq_2015,MAFF HepG2 hg19,1/2000,0.9982180044299293,0.999996435495596,0,0,0.1521184320974046,0.00027131618610583947,AAA1,ENCODE TF ChIP-seq
ENCODE_TF_ChIP-seq_2015,CTCF NB4 hg19,1/2000,0.9982180044299293,0.999996435495596,0,0,0.1521184320974046,0.00027131618610583947,AAA1,ENCODE TF ChIP-seq
ENCODE_TF_ChIP-seq_2015,BHLHE40 GM12878 hg19,1/2000,0.9982180044299293,0.999996435495596,0,0,0.1521184320974046,0.00027131618610583947,AAA1,ENCODE TF ChIP-seq
ENCODE_TF_ChIP-seq_2015,SMC3 HepG2 hg19,1/2000,0.9982180044299293,0.999996435495596,0,0,0.1521184320974046,0.00027131618610583947,AAA1,ENCODE TF ChIP-seq
DisGeNET,Neuropathy,1/284,0.5765765879754354,0.9999964495958694,0,0,1.1772773552135114,0.6482643594046024,AAA1,DisGeNET
DisGeNET,Hematologic Neoplasms,1/557,0.8168123228765047,0.9999964495958694,0,0,0.5909035483477625,0.1195669253551732,AAA1,DisGeNET
DisGeNET,"Aortic Aneurysm, Abdominal",1/288,0.5817077525789011,0.9999964495958694,0,0,1.160633083328412,0.6288160331954461,AAA1,DisGeNET
DisGeNET,Liver carcinoma,1/3593,0.999989996181316,0.9999964495958694,0,0,0.0771394058359442,7.716924893158246e-07,AAA1,DisGeNET
DisGeNET,Myopathy,1/415,0.716338623041018,0.9999964495958694,0,0,0.7993940882666012,0.2666796957505878,AAA1,DisGeNET
DisGeNET,Cataract,1/519,0.7940075373029593,0.9999964495958694,0,0,0.6354950592238728,0.1465847678581033,AAA1,DisGeNET
DisGeNET,Vascular Diseases,1/401,0.7038931652692041,0.9999964495958694,0,0,0.8279661016949152,0.2907226511778114,AAA1,DisGeNET
DisGeNET,Primary malignant neoplasm of lung,1/2268,0.9992749190020536,0.9999964495958694,0,0,0.13213161573946,9.584087419948817e-05,AAA1,DisGeNET
DisGeNET,Asthma,1/1313,0.98309859479283,0.9999964495958694,0,0,0.2406469615543613,0.0041020353723378,AAA1,DisGeNET
DisGeNET,Diabetes Mellitus,1/1507,0.990971562276144,0.9999964495958694,0,0,0.207463929592365,0.0018815818797779,AAA1,DisGeNET
DisGeNET,"Leukemia, Myelocytic, Acute",1/1703,0.9952397584902024,0.9999964495958694,0,0,0.1816208249517019,0.0008666232984512711,AAA4,DisGeNET
DisGeNET,Carcinoma of lung,1/2476,0.999641727593778,0.9999964495958694,0,0,0.1196028077384009,4.2858063608648305e-05,AAA1,DisGeNET
DisGeNET,Diabetes,1/1268,0.9804706651204528,0.9999964495958694,0,0,0.2497959948095728,0.0049266145168632,AAA1,DisGeNET
DisGeNET,Chronic Obstructive Airway Disease,1/669,0.8705413555906026,0.9999964495958694,0,0,0.4889881254440272,0.067793320089975,AAA1,DisGeNET
DisGeNET,Psoriasis,1/818,0.9186796661642834,0.9999964495958694,0,0,0.3967180465946103,0.0336487460690701,AAA1,DisGeNET
DisGeNET,Breast Carcinoma,1/4963,0.9999964495958694,0.9999964495958694,0,0,0.0511617103546273,1.8164507022756077e-07,AAA1,DisGeNET
